InvoiceId,InvoiceNumber,ClientId,InvoiceDate,DueDate
100001,INV100001,07-3782546,2020-01-31,2020-02-29
100002,INV100002,91-7491370,2020-05-31,2020-06-30
100003,INV100003,36-6951968,2020-04-30,2020-05-31
100004,INV100004,27-2850475,2020-08-31,2020-09-30
100005,INV100005,31-6099767,2020-04-30,2020-05-31
100006,INV100006,28-1992245,2020-05-31,2020-06-30
100007,INV100007,23-4061231,2020-06-30,2020-07-31
100008,INV100008,91-7247499,2020-02-29,2020-03-31
100009,INV100009,65-0110582,2020-06-30,2020-07-31
100010,INV100010,61-2527769,2020-02-29,2020-03-31
100011,INV100011,40-9591569,2020-02-29,2020-03-31
100012,INV100012,60-6574721,2020-04-30,2020-05-31
100013,INV100013,02-6082529,2020-04-30,2020-05-31
100014,INV100014,11-2667178,2020-03-30,2020-04-30
100015,INV100015,98-1953455,2020-07-31,2020-08-30
100016,INV100016,96-3675775,2020-01-31,2020-02-29
100017,INV100017,66-9254244,2020-01-31,2020-02-29
100018,INV100018,36-2633931,2020-02-29,2020-03-31
100019,INV100019,93-1227865,2020-02-29,2020-03-31
100020,INV100020,39-5785753,2020-03-31,2020-04-30
100021,INV100021,38-8185906,2020-08-31,2020-09-30
100022,INV100022,13-6446079,2020-05-31,2020-06-30
100023,INV100023,47-9092539,2020-06-30,2020-07-31
100024,INV100024,30-8581990,2020-02-29,2020-03-31
100025,INV100025,70-1149306,2020-03-31,2020-04-30
100026,INV100026,02-5370326,2020-06-30,2020-07-31
100027,INV100027,26-8280866,2020-08-31,2020-09-30
100028,INV100028,84-5161580,2020-07-31,2020-08-30
100029,INV100029,84-2771037,2020-04-30,2020-05-31
100030,INV100030,81-7951252,2020-02-29,2020-03-31
100031,INV100031,81-4878867,2020-06-30,2020-07-31
100032,INV100032,94-4535996,2020-05-31,2020-06-30
100033,INV100033,99-6983093,2020-05-31,2020-06-30
100034,INV100034,77-0639402,2020-05-31,2020-06-30
100035,INV100035,15-6559030,2020-05-31,2020-06-30
100036,INV100036,72-3360478,2020-09-30,2020-10-31
100037,INV100037,84-2085126,2020-01-31,2020-02-29
100038,INV100038,59-9344323,2020-01-31,2020-02-29
100039,INV100039,97-2402316,2020-09-30,2020-10-31
100040,INV100040,38-1728415,2020-02-29,2020-03-31
100041,INV100041,16-0696921,2020-07-31,2020-08-30
100042,INV100042,37-0290792,2020-01-31,2020-02-29
100043,INV100043,96-5038420,2020-01-31,2020-02-29
100044,INV100044,98-4697857,2020-07-31,2020-08-30
100045,INV100045,11-8390228,2020-03-31,2020-04-30
100046,INV100046,93-7718594,2020-01-31,2020-02-29
100047,INV100047,17-3010163,2020-09-30,2020-10-31
100048,INV100048,50-5816844,2020-07-31,2020-08-30
100049,INV100049,23-8258699,2020-07-31,2020-08-30
100050,INV100050,97-6640661,2020-03-31,2020-04-30
100051,INV100051,86-9002093,2020-05-31,2020-06-30
100052,INV100052,50-5296087,2020-04-30,2020-05-31
100053,INV100053,57-0109454,2020-01-31,2020-02-29
100054,INV100054,10-2574592,2020-04-30,2020-05-31
100055,INV100055,77-0522712,2020-03-31,2020-04-30
100056,INV100056,15-1871545,2020-04-30,2020-05-31
100057,INV100057,28-6771311,2020-05-31,2020-06-30
100058,INV100058,03-9672637,2020-06-30,2020-07-31
100059,INV100059,39-9911351,2020-06-30,2020-07-31
100060,INV100060,09-7011589,2020-02-29,2020-03-31
100061,INV100061,62-1600230,2020-08-31,2020-09-30
100062,INV100062,45-1739610,2020-02-29,2020-03-31
100063,INV100063,57-5091192,2020-04-30,2020-05-31
100064,INV100064,55-8656065,2020-02-29,2020-03-31
100065,INV100065,62-4976588,2020-04-30,2020-05-31
100066,INV100066,46-0120237,2020-02-29,2020-03-31
100067,INV100067,82-0242962,2020-05-31,2020-06-30
100068,INV100068,44-0942688,2020-03-31,2020-04-30
100069,INV100069,34-0857973,2020-06-30,2020-07-31
100070,INV100070,22-0711290,2020-03-31,2020-04-30
100071,INV100071,61-4610881,2020-04-30,2020-05-31
100072,INV100072,95-9427029,2020-06-30,2020-07-31
100073,INV100073,16-3352602,2020-04-30,2020-05-31
100074,INV100074,86-4858082,2020-01-31,2020-02-29
100075,INV100075,61-0926492,2020-04-30,2020-05-31
100076,INV100076,00-7782271,2020-04-30,2020-05-31
100077,INV100077,65-8609314,2020-01-31,2020-02-29
100078,INV100078,72-3086395,2020-08-30,2020-09-30
100079,INV100079,19-6372697,2020-08-31,2020-09-30
100080,INV100080,47-6851640,2020-02-29,2020-03-31
100081,INV100081,26-0696047,2020-02-29,2020-03-31
100082,INV100082,96-7503365,2020-05-31,2020-06-30
100083,INV100083,16-4018587,2020-05-31,2020-06-30
100084,INV100084,00-1280383,2020-01-31,2020-02-29
100085,INV100085,58-8327688,2020-01-31,2020-02-29
100086,INV100086,73-5512596,2020-08-30,2020-09-30
100087,INV100087,89-2881190,2020-03-31,2020-04-30
100088,INV100088,52-2036445,2020-01-31,2020-02-29
100089,INV100089,50-2059208,2020-01-31,2020-02-29
100090,INV100090,74-4316002,2020-04-30,2020-05-31
100091,INV100091,14-1224414,2020-02-29,2020-03-31
100092,INV100092,74-9652303,2020-08-31,2020-09-30
100093,INV100093,55-9129404,2020-05-31,2020-06-30
100094,INV100094,40-6467323,2020-02-29,2020-03-31
100095,INV100095,91-0204264,2020-05-31,2020-06-30
100096,INV100096,38-2443679,2020-05-31,2020-06-30
100097,INV100097,34-1553000,2020-01-31,2020-02-29
100098,INV100098,91-1752844,2020-04-30,2020-05-31
100099,INV100099,44-0318379,2020-01-30,2020-02-29
100100,INV100100,23-5360092,2020-09-30,2020-10-31
100101,INV100101,07-3782546,2020-08-31,2020-09-30
100102,INV100102,91-7491370,2020-02-29,2020-03-31
100103,INV100103,36-6951968,2020-06-30,2020-07-31
100104,INV100104,27-2850475,2020-05-31,2020-06-30
100105,INV100105,31-6099767,2020-01-31,2020-02-29
100106,INV100106,28-1992245,2020-08-31,2020-09-30
100107,INV100107,23-4061231,2020-02-29,2020-03-31
100108,INV100108,91-7247499,2020-01-31,2020-02-29
100109,INV100109,65-0110582,2020-05-31,2020-06-30
100110,INV100110,61-2527769,2020-05-31,2020-06-30
100111,INV100111,40-9591569,2020-04-30,2020-05-31
100112,INV100112,60-6574721,2020-05-31,2020-06-30
100113,INV100113,02-6082529,2020-08-31,2020-09-30
100114,INV100114,11-2667178,2020-05-31,2020-06-30
100115,INV100115,98-1953455,2020-01-31,2020-02-29
100116,INV100116,96-3675775,2020-03-31,2020-04-30
100117,INV100117,66-9254244,2020-04-30,2020-05-31
100118,INV100118,36-2633931,2020-03-31,2020-04-30
100119,INV100119,93-1227865,2020-06-30,2020-07-31
100120,INV100120,39-5785753,2020-05-31,2020-06-30
100121,INV100121,38-8185906,2020-04-30,2020-05-31
100122,INV100122,13-6446079,2020-08-31,2020-09-30
100123,INV100123,47-9092539,2020-04-30,2020-05-31
100124,INV100124,30-8581990,2020-04-30,2020-05-31
100125,INV100125,70-1149306,2020-04-30,2020-05-31
100126,INV100126,02-5370326,2020-03-31,2020-04-30
100127,INV100127,26-8280866,2020-06-30,2020-07-31
100128,INV100128,84-5161580,2020-07-31,2020-08-30
100129,INV100129,84-2771037,2020-08-31,2020-09-30
100130,INV100130,81-7951252,2020-04-30,2020-05-31
100131,INV100131,81-4878867,2020-04-30,2020-05-31
100132,INV100132,94-4535996,2020-06-30,2020-07-31
100133,INV100133,99-6983093,2020-05-31,2020-06-30
100134,INV100134,77-0639402,2020-07-31,2020-08-30
100135,INV100135,15-6559030,2020-06-30,2020-07-31
100136,INV100136,72-3360478,2020-09-30,2020-10-31
100137,INV100137,84-2085126,2020-08-31,2020-09-30
100138,INV100138,59-9344323,2020-02-29,2020-03-31
100139,INV100139,97-2402316,2020-01-31,2020-02-29
100140,INV100140,38-1728415,2020-08-31,2020-09-30
100141,INV100141,16-0696921,2020-02-29,2020-03-31
100142,INV100142,37-0290792,2020-08-31,2020-09-30
100143,INV100143,96-5038420,2020-02-29,2020-03-31
100144,INV100144,98-4697857,2020-03-31,2020-04-30
100145,INV100145,11-8390228,2020-01-31,2020-02-29
100146,INV100146,93-7718594,2020-06-30,2020-07-31
100147,INV100147,17-3010163,2020-06-30,2020-07-31
100148,INV100148,50-5816844,2020-01-31,2020-02-29
100149,INV100149,23-8258699,2020-04-30,2020-05-31
100150,INV100150,97-6640661,2020-06-30,2020-07-31
100151,INV100151,86-9002093,2020-04-30,2020-05-31
100152,INV100152,50-5296087,2020-04-30,2020-05-31
100153,INV100153,57-0109454,2020-08-31,2020-09-30
100154,INV100154,10-2574592,2020-01-31,2020-02-29
100155,INV100155,77-0522712,2020-03-31,2020-04-30
100156,INV100156,15-1871545,2020-07-31,2020-08-30
100157,INV100157,28-6771311,2020-08-31,2020-09-30
100158,INV100158,03-9672637,2020-06-30,2020-07-31
100159,INV100159,39-9911351,2020-01-31,2020-02-29
100160,INV100160,09-7011589,2020-03-31,2020-04-30
100161,INV100161,62-1600230,2020-08-31,2020-09-30
100162,INV100162,45-1739610,2020-07-31,2020-08-30
100163,INV100163,57-5091192,2020-07-31,2020-08-30
100164,INV100164,55-8656065,2020-05-31,2020-06-30
100165,INV100165,62-4976588,2020-05-31,2020-06-30
100166,INV100166,46-0120237,2020-02-29,2020-03-31
100167,INV100167,82-0242962,2020-02-29,2020-03-31
100168,INV100168,44-0942688,2020-05-31,2020-06-30
100169,INV100169,34-0857973,2020-03-31,2020-04-30
100170,INV100170,22-0711290,2020-07-31,2020-08-30
100171,INV100171,61-4610881,2020-03-31,2020-04-30
100172,INV100172,95-9427029,2020-05-31,2020-06-30
100173,INV100173,16-3352602,2020-05-31,2020-06-30
100174,INV100174,86-4858082,2020-08-31,2020-09-30
100175,INV100175,61-0926492,2020-06-30,2020-07-31
100176,INV100176,00-7782271,2020-06-30,2020-07-31
100177,INV100177,65-8609314,2020-07-31,2020-08-30
100178,INV100178,72-3086395,2020-09-30,2020-10-31
100179,INV100179,19-6372697,2020-03-31,2020-04-30
100180,INV100180,47-6851640,2020-05-31,2020-06-30
100181,INV100181,26-0696047,2020-01-30,2020-02-29
100182,INV100182,96-7503365,2020-08-31,2020-09-30
100183,INV100183,16-4018587,2020-06-30,2020-07-31
100184,INV100184,00-1280383,2020-09-30,2020-10-31
100185,INV100185,58-8327688,2020-06-30,2020-07-31
100186,INV100186,73-5512596,2020-08-31,2020-09-30
100187,INV100187,89-2881190,2020-06-30,2020-07-31
100188,INV100188,52-2036445,2020-05-31,2020-06-30
100189,INV100189,50-2059208,2020-04-30,2020-05-31
100190,INV100190,74-4316002,2020-02-29,2020-03-31
100191,INV100191,14-1224414,2020-05-31,2020-06-30
100192,INV100192,74-9652303,2020-02-29,2020-03-31
100193,INV100193,55-9129404,2020-06-30,2020-07-31
100194,INV100194,40-6467323,2020-05-31,2020-06-30
100195,INV100195,91-0204264,2020-02-29,2020-03-31
100196,INV100196,38-2443679,2020-06-30,2020-07-31
100197,INV100197,34-1553000,2020-03-31,2020-04-30
100198,INV100198,91-1752844,2020-07-31,2020-08-30
100199,INV100199,44-0318379,2020-03-31,2020-04-30
100200,INV100200,23-5360092,2020-05-30,2020-06-30
100201,INV100201,07-3782546,2020-05-31,2020-06-30
100202,INV100202,91-7491370,2020-03-31,2020-04-30
100203,INV100203,36-6951968,2020-04-30,2020-05-31
100204,INV100204,27-2850475,2020-01-31,2020-02-29
100205,INV100205,31-6099767,2020-01-31,2020-02-29
100206,INV100206,28-1992245,2020-04-30,2020-05-31
100207,INV100207,23-4061231,2020-08-31,2020-09-30
100208,INV100208,91-7247499,2020-08-31,2020-09-30
100209,INV100209,65-0110582,2020-07-31,2020-08-30
100210,INV100210,61-2527769,2020-05-31,2020-06-30
100211,INV100211,40-9591569,2020-06-30,2020-07-31
100212,INV100212,60-6574721,2020-03-31,2020-04-30
100213,INV100213,02-6082529,2020-06-30,2020-07-31
100214,INV100214,11-2667178,2020-02-29,2020-03-31
100215,INV100215,98-1953455,2020-04-30,2020-05-31
100216,INV100216,96-3675775,2020-06-30,2020-07-31
100217,INV100217,66-9254244,2020-06-30,2020-07-31
100218,INV100218,36-2633931,2020-05-31,2020-06-30
100219,INV100219,93-1227865,2020-04-30,2020-05-31
100220,INV100220,39-5785753,2020-06-30,2020-07-31
100221,INV100221,38-8185906,2020-01-31,2020-02-29
100222,INV100222,13-6446079,2020-03-31,2020-04-30
100223,INV100223,47-9092539,2020-07-31,2020-08-30
100224,INV100224,30-8581990,2020-08-31,2020-09-30
100225,INV100225,70-1149306,2020-08-31,2020-09-30
100226,INV100226,02-5370326,2020-06-30,2020-07-31
100227,INV100227,26-8280866,2020-03-30,2020-04-30
100228,INV100228,84-5161580,2020-02-29,2020-03-31
100229,INV100229,84-2771037,2020-02-29,2020-03-31
100230,INV100230,81-7951252,2020-05-31,2020-06-30
100231,INV100231,81-4878867,2020-04-30,2020-05-31
100232,INV100232,94-4535996,2020-04-30,2020-05-31
100233,INV100233,99-6983093,2020-08-31,2020-09-30
100234,INV100234,77-0639402,2020-07-31,2020-08-30
100235,INV100235,15-6559030,2020-01-31,2020-02-29
100236,INV100236,72-3360478,2020-09-30,2020-10-31
100237,INV100237,84-2085126,2020-04-30,2020-05-31
100238,INV100238,59-9344323,2020-01-31,2020-02-29
100239,INV100239,97-2402316,2020-04-30,2020-05-31
100240,INV100240,38-1728415,2020-02-29,2020-03-31
100241,INV100241,16-0696921,2020-02-29,2020-03-31
100242,INV100242,37-0290792,2020-07-31,2020-08-30
100243,INV100243,96-5038420,2020-05-31,2020-06-30
100244,INV100244,98-4697857,2020-01-31,2020-02-29
100245,INV100245,11-8390228,2020-04-30,2020-05-31
100246,INV100246,93-7718594,2020-07-31,2020-08-30
100247,INV100247,17-3010163,2020-07-31,2020-08-30
100248,INV100248,50-5816844,2020-05-31,2020-06-30
100249,INV100249,23-8258699,2020-06-30,2020-07-31
100250,INV100250,97-6640661,2020-01-31,2020-02-29
100251,INV100251,86-9002093,2020-06-30,2020-07-31
100252,INV100252,50-5296087,2020-05-31,2020-06-30
100253,INV100253,57-0109454,2020-05-31,2020-06-30
100254,INV100254,10-2574592,2020-06-30,2020-07-31
100255,INV100255,77-0522712,2020-08-31,2020-09-30
100256,INV100256,15-1871545,2020-04-30,2020-05-31
100257,INV100257,28-6771311,2020-02-29,2020-03-31
100258,INV100258,03-9672637,2020-06-30,2020-07-31
100259,INV100259,39-9911351,2020-01-31,2020-02-29
100260,INV100260,09-7011589,2020-07-31,2020-08-30
100261,INV100261,62-1600230,2020-06-30,2020-07-31
100262,INV100262,45-1739610,2020-05-31,2020-06-30
100263,INV100263,57-5091192,2020-02-29,2020-03-31
100264,INV100264,55-8656065,2020-09-30,2020-10-31
100265,INV100265,62-4976588,2020-03-31,2020-04-30
100266,INV100266,46-0120237,2020-01-31,2020-02-29
100267,INV100267,82-0242962,2020-08-31,2020-09-30
100268,INV100268,44-0942688,2020-06-30,2020-07-31
100269,INV100269,34-0857973,2020-08-31,2020-09-30
100270,INV100270,22-0711290,2020-05-31,2020-06-30
100271,INV100271,61-4610881,2020-05-31,2020-06-30
100272,INV100272,95-9427029,2020-06-30,2020-07-31
100273,INV100273,16-3352602,2020-03-30,2020-04-30
100274,INV100274,86-4858082,2020-03-31,2020-04-30
100275,INV100275,61-0926492,2020-03-31,2020-04-30
100276,INV100276,00-7782271,2020-05-31,2020-06-30
100277,INV100277,65-8609314,2020-02-29,2020-03-31
100278,INV100278,72-3086395,2020-07-31,2020-08-30
100279,INV100279,19-6372697,2020-08-31,2020-09-30
100280,INV100280,47-6851640,2020-03-31,2020-04-30
100281,INV100281,26-0696047,2020-01-31,2020-02-29
100282,INV100282,96-7503365,2020-08-31,2020-09-30
100283,INV100283,16-4018587,2020-08-31,2020-09-30
100284,INV100284,00-1280383,2020-05-31,2020-06-30
100285,INV100285,58-8327688,2020-08-31,2020-09-30
100286,INV100286,73-5512596,2020-07-31,2020-08-30
100287,INV100287,89-2881190,2020-06-30,2020-07-31
100288,INV100288,52-2036445,2020-03-31,2020-04-30
100289,INV100289,50-2059208,2020-07-31,2020-08-30
100290,INV100290,74-4316002,2020-08-31,2020-09-30
100291,INV100291,14-1224414,2020-08-31,2020-09-30
100292,INV100292,74-9652303,2020-01-31,2020-02-29
100293,INV100293,55-9129404,2020-05-31,2020-06-30
100294,INV100294,40-6467323,2020-04-30,2020-05-31
100295,INV100295,91-0204264,2020-06-30,2020-07-31
100296,INV100296,38-2443679,2020-07-31,2020-08-30
100297,INV100297,34-1553000,2020-08-31,2020-09-30
100298,INV100298,91-1752844,2020-05-31,2020-06-30
100299,INV100299,44-0318379,2020-04-30,2020-05-31
100300,INV100300,23-5360092,2020-03-31,2020-04-30
100301,INV100301,07-3782546,2020-06-30,2020-07-31
100302,INV100302,91-7491370,2020-01-31,2020-02-29
100303,INV100303,36-6951968,2020-03-31,2020-04-30
100304,INV100304,27-2850475,2020-06-30,2020-07-31
100305,INV100305,31-6099767,2020-03-31,2020-04-30
100306,INV100306,28-1992245,2020-03-31,2020-04-30
100307,INV100307,23-4061231,2020-08-31,2020-09-30
100308,INV100308,91-7247499,2020-05-31,2020-06-30
100309,INV100309,65-0110582,2020-06-30,2020-07-31
100310,INV100310,61-2527769,2020-05-31,2020-06-30
100311,INV100311,40-9591569,2020-08-31,2020-09-30
100312,INV100312,60-6574721,2020-08-31,2020-09-30
100313,INV100313,02-6082529,2020-03-31,2020-04-30
100314,INV100314,11-2667178,2020-08-31,2020-09-30
100315,INV100315,98-1953455,2020-02-29,2020-03-31
100316,INV100316,96-3675775,2020-03-31,2020-04-30
100317,INV100317,66-9254244,2020-02-29,2020-03-31
100318,INV100318,36-2633931,2020-07-31,2020-08-30
100319,INV100319,93-1227865,2020-02-29,2020-03-31
100320,INV100320,39-5785753,2020-03-31,2020-04-30
100321,INV100321,38-8185906,2020-09-30,2020-10-31
100322,INV100322,13-6446079,2020-01-31,2020-02-29
100323,INV100323,47-9092539,2020-07-31,2020-08-30
100324,INV100324,30-8581990,2020-01-31,2020-02-29
100325,INV100325,70-1149306,2020-02-29,2020-03-31
100326,INV100326,02-5370326,2020-06-30,2020-07-31
100327,INV100327,26-8280866,2020-08-31,2020-09-30
100328,INV100328,84-5161580,2020-07-31,2020-08-30
100329,INV100329,84-2771037,2020-03-31,2020-04-30
100330,INV100330,81-7951252,2020-07-31,2020-08-30
100331,INV100331,81-4878867,2020-07-31,2020-08-30
100332,INV100332,94-4535996,2020-02-29,2020-03-31
100333,INV100333,99-6983093,2020-01-31,2020-02-29
100334,INV100334,77-0639402,2020-08-31,2020-09-30
100335,INV100335,15-6559030,2020-08-31,2020-09-30
100336,INV100336,72-3360478,2020-05-31,2020-06-30
100337,INV100337,84-2085126,2020-03-31,2020-04-30
100338,INV100338,59-9344323,2020-01-31,2020-02-29
100339,INV100339,97-2402316,2020-03-30,2020-04-30
100340,INV100340,38-1728415,2020-06-30,2020-07-31
100341,INV100341,16-0696921,2020-03-31,2020-04-30
100342,INV100342,37-0290792,2020-07-31,2020-08-30
100343,INV100343,96-5038420,2020-02-29,2020-03-31
100344,INV100344,98-4697857,2020-07-31,2020-08-30
100345,INV100345,11-8390228,2020-06-30,2020-07-31
100346,INV100346,93-7718594,2020-08-31,2020-09-30
100347,INV100347,17-3010163,2020-07-31,2020-08-30
100348,INV100348,50-5816844,2020-02-29,2020-03-31
100349,INV100349,23-8258699,2020-06-30,2020-07-31
100350,INV100350,97-6640661,2020-01-31,2020-02-29
100351,INV100351,86-9002093,2020-05-31,2020-06-30
100352,INV100352,50-5296087,2020-07-31,2020-08-30
100353,INV100353,57-0109454,2020-07-31,2020-08-30
100354,INV100354,10-2574592,2020-01-31,2020-02-29
100355,INV100355,77-0522712,2020-04-30,2020-05-31
100356,INV100356,15-1871545,2020-08-31,2020-09-30
100357,INV100357,28-6771311,2020-03-31,2020-04-30
100358,INV100358,03-9672637,2020-01-31,2020-02-29
100359,INV100359,39-9911351,2020-08-31,2020-09-30
100360,INV100360,09-7011589,2020-02-29,2020-03-31
100361,INV100361,62-1600230,2020-06-30,2020-07-31
100362,INV100362,45-1739610,2020-01-31,2020-02-29
100363,INV100363,57-5091192,2020-07-31,2020-08-30
100364,INV100364,55-8656065,2020-09-30,2020-10-31
100365,INV100365,62-4976588,2020-07-31,2020-08-30
100366,INV100366,46-0120237,2020-01-31,2020-02-29
100367,INV100367,82-0242962,2020-08-31,2020-09-30
100368,INV100368,44-0942688,2020-01-31,2020-02-29
100369,INV100369,34-0857973,2020-03-31,2020-04-30
100370,INV100370,22-0711290,2020-09-30,2020-10-31
100371,INV100371,61-4610881,2020-03-31,2020-04-30
100372,INV100372,95-9427029,2020-06-30,2020-07-31
100373,INV100373,16-3352602,2020-03-31,2020-04-30
100374,INV100374,86-4858082,2020-08-31,2020-09-30
100375,INV100375,61-0926492,2020-02-29,2020-03-31
100376,INV100376,00-7782271,2020-08-31,2020-09-30
100377,INV100377,65-8609314,2020-05-31,2020-06-30
100378,INV100378,72-3086395,2020-08-31,2020-09-30
100379,INV100379,19-6372697,2020-07-31,2020-08-30
100380,INV100380,47-6851640,2020-04-30,2020-05-31
100381,INV100381,26-0696047,2020-05-31,2020-06-30
100382,INV100382,96-7503365,2020-04-30,2020-05-31
100383,INV100383,16-4018587,2020-07-31,2020-08-30
100384,INV100384,00-1280383,2020-01-30,2020-02-29
100385,INV100385,58-8327688,2020-05-31,2020-06-30
100386,INV100386,73-5512596,2020-02-29,2020-03-31
100387,INV100387,89-2881190,2020-07-31,2020-08-30
100388,INV100388,52-2036445,2020-06-30,2020-07-31
100389,INV100389,50-2059208,2020-03-31,2020-04-30
100390,INV100390,74-4316002,2020-08-31,2020-09-30
100391,INV100391,14-1224414,2020-04-30,2020-05-31
100392,INV100392,74-9652303,2020-06-30,2020-07-31
100393,INV100393,55-9129404,2020-04-30,2020-05-31
100394,INV100394,40-6467323,2020-04-30,2020-05-31
100395,INV100395,91-0204264,2020-07-31,2020-08-30
100396,INV100396,38-2443679,2020-01-31,2020-02-29
100397,INV100397,34-1553000,2020-01-31,2020-02-29
100398,INV100398,91-1752844,2020-08-31,2020-09-30
100399,INV100399,44-0318379,2020-07-31,2020-08-30
100400,INV100400,23-5360092,2020-08-31,2020-09-30
100401,INV100401,07-3782546,2020-07-31,2020-08-30
100402,INV100402,91-7491370,2020-01-31,2020-02-29
100403,INV100403,36-6951968,2020-06-30,2020-07-31
100404,INV100404,27-2850475,2020-08-31,2020-09-30
100405,INV100405,31-6099767,2020-02-29,2020-03-31
100406,INV100406,28-1992245,2020-04-30,2020-05-31
100407,INV100407,23-4061231,2020-04-30,2020-05-31
100408,INV100408,91-7247499,2020-04-30,2020-05-31
100409,INV100409,65-0110582,2020-07-31,2020-08-30
100410,INV100410,61-2527769,2020-02-29,2020-03-31
100411,INV100411,40-9591569,2020-08-31,2020-09-30
100412,INV100412,60-6574721,2020-03-31,2020-04-30
100413,INV100413,02-6082529,2020-03-31,2020-04-30
100414,INV100414,11-2667178,2020-03-31,2020-04-30
100415,INV100415,98-1953455,2020-07-31,2020-08-30
100416,INV100416,96-3675775,2020-04-30,2020-05-31
100417,INV100417,66-9254244,2020-03-31,2020-04-30
100418,INV100418,36-2633931,2020-04-30,2020-05-31
100419,INV100419,93-1227865,2020-05-31,2020-06-30
100420,INV100420,39-5785753,2020-07-31,2020-08-30
100421,INV100421,38-8185906,2020-06-30,2020-07-31
100422,INV100422,13-6446079,2020-04-30,2020-05-31
100423,INV100423,47-9092539,2020-03-31,2020-04-30
100424,INV100424,30-8581990,2020-05-31,2020-06-30
100425,INV100425,70-1149306,2020-01-31,2020-02-29
100426,INV100426,02-5370326,2020-02-29,2020-03-31
100427,INV100427,26-8280866,2020-04-30,2020-05-31
100428,INV100428,84-5161580,2020-08-31,2020-09-30
100429,INV100429,84-2771037,2020-07-31,2020-08-30
100430,INV100430,81-7951252,2020-08-31,2020-09-30
100431,INV100431,81-4878867,2020-01-31,2020-02-29
100432,INV100432,94-4535996,2020-08-31,2020-09-30
100433,INV100433,99-6983093,2020-08-31,2020-09-30
100434,INV100434,77-0639402,2020-06-30,2020-07-31
100435,INV100435,15-6559030,2020-08-31,2020-09-30
100436,INV100436,72-3360478,2020-03-31,2020-04-30
100437,INV100437,84-2085126,2020-09-30,2020-10-31
100438,INV100438,59-9344323,2020-05-31,2020-06-30
100439,INV100439,97-2402316,2020-07-31,2020-08-30
100440,INV100440,38-1728415,2020-04-30,2020-05-31
100441,INV100441,16-0696921,2020-01-31,2020-02-29
100442,INV100442,37-0290792,2020-04-30,2020-05-31
100443,INV100443,96-5038420,2020-05-31,2020-06-30
100444,INV100444,98-4697857,2020-05-31,2020-06-30
100445,INV100445,11-8390228,2020-01-31,2020-02-29
100446,INV100446,93-7718594,2020-01-31,2020-02-29
100447,INV100447,17-3010163,2020-01-31,2020-02-29
100448,INV100448,50-5816844,2020-05-31,2020-06-30
100449,INV100449,23-8258699,2020-05-31,2020-06-30
100450,INV100450,97-6640661,2020-05-31,2020-06-30
100451,INV100451,86-9002093,2020-04-30,2020-05-31
100452,INV100452,50-5296087,2020-07-31,2020-08-30
100453,INV100453,57-0109454,2020-08-31,2020-09-30
100454,INV100454,10-2574592,2020-06-30,2020-07-31
100455,INV100455,77-0522712,2020-04-30,2020-05-31
100456,INV100456,15-1871545,2020-04-30,2020-05-31
100457,INV100457,28-6771311,2020-01-31,2020-02-29
100458,INV100458,03-9672637,2020-02-29,2020-03-31
100459,INV100459,39-9911351,2020-05-31,2020-06-30
100460,INV100460,09-7011589,2020-04-30,2020-05-31
100461,INV100461,62-1600230,2020-03-31,2020-04-30
100462,INV100462,45-1739610,2020-02-29,2020-03-31
100463,INV100463,57-5091192,2020-04-30,2020-05-31
100464,INV100464,55-8656065,2020-02-29,2020-03-31
100465,INV100465,62-4976588,2020-02-29,2020-03-31
100466,INV100466,46-0120237,2020-05-31,2020-06-30
100467,INV100467,82-0242962,2020-06-30,2020-07-31
100468,INV100468,44-0942688,2020-07-31,2020-08-30
100469,INV100469,34-0857973,2020-06-30,2020-07-31
100470,INV100470,22-0711290,2020-03-31,2020-04-30
100471,INV100471,61-4610881,2020-08-31,2020-09-30
100472,INV100472,95-9427029,2020-04-30,2020-05-31
100473,INV100473,16-3352602,2020-03-31,2020-04-30
100474,INV100474,86-4858082,2020-04-30,2020-05-31
100475,INV100475,61-0926492,2020-05-31,2020-06-30
100476,INV100476,00-7782271,2020-05-31,2020-06-30
100477,INV100477,65-8609314,2020-08-31,2020-09-30
100478,INV100478,72-3086395,2020-04-30,2020-05-31
100479,INV100479,19-6372697,2020-01-31,2020-02-29
100480,INV100480,47-6851640,2020-04-30,2020-05-31
100481,INV100481,26-0696047,2020-07-31,2020-08-30
100482,INV100482,96-7503365,2020-05-31,2020-06-30
100483,INV100483,16-4018587,2020-06-30,2020-07-31
100484,INV100484,00-1280383,2020-06-30,2020-07-31
100485,INV100485,58-8327688,2020-07-31,2020-08-30
100486,INV100486,73-5512596,2020-03-31,2020-04-30
100487,INV100487,89-2881190,2020-07-31,2020-08-30
100488,INV100488,52-2036445,2020-03-31,2020-04-30
100489,INV100489,50-2059208,2020-05-31,2020-06-30
100490,INV100490,74-4316002,2020-08-31,2020-09-30
100491,INV100491,14-1224414,2020-04-30,2020-05-31
100492,INV100492,74-9652303,2020-07-31,2020-08-30
100493,INV100493,55-9129404,2020-04-30,2020-05-31
100494,INV100494,40-6467323,2020-08-31,2020-09-30
100495,INV100495,91-0204264,2020-03-31,2020-04-30
100496,INV100496,38-2443679,2020-03-31,2020-04-30
100497,INV100497,34-1553000,2020-03-31,2020-04-30
100498,INV100498,91-1752844,2020-02-29,2020-03-31
100499,INV100499,44-0318379,2020-03-31,2020-04-30
100500,INV100500,23-5360092,2020-01-31,2020-02-29
100501,INV100501,07-3782546,2020-02-29,2020-03-31
100502,INV100502,91-7491370,2020-01-31,2020-02-29
100503,INV100503,36-6951968,2020-06-30,2020-07-31
100504,INV100504,27-2850475,2020-08-31,2020-09-30
100505,INV100505,31-6099767,2020-04-30,2020-05-31
100506,INV100506,28-1992245,2020-07-31,2020-08-30
100507,INV100507,23-4061231,2020-07-31,2020-08-30
100508,INV100508,91-7247499,2020-02-29,2020-03-31
100509,INV100509,65-0110582,2020-04-30,2020-05-31
100510,INV100510,61-2527769,2020-05-31,2020-06-30
100511,INV100511,40-9591569,2020-08-31,2020-09-30
100512,INV100512,60-6574721,2020-08-31,2020-09-30
100513,INV100513,02-6082529,2020-05-31,2020-06-30
100514,INV100514,11-2667178,2020-04-30,2020-05-31
100515,INV100515,98-1953455,2020-09-30,2020-10-31
100516,INV100516,96-3675775,2020-08-31,2020-09-30
100517,INV100517,66-9254244,2020-03-31,2020-04-30
100518,INV100518,36-2633931,2020-06-30,2020-07-31
100519,INV100519,93-1227865,2020-05-31,2020-06-30
100520,INV100520,39-5785753,2020-02-29,2020-03-31
100521,INV100521,38-8185906,2020-08-31,2020-09-30
100522,INV100522,13-6446079,2020-07-31,2020-08-30
100523,INV100523,47-9092539,2020-08-31,2020-09-30
100524,INV100524,30-8581990,2020-09-30,2020-10-31
100525,INV100525,70-1149306,2020-03-31,2020-04-30
100526,INV100526,02-5370326,2020-02-29,2020-03-31
100527,INV100527,26-8280866,2020-08-31,2020-09-30
100528,INV100528,84-5161580,2020-04-30,2020-05-31
100529,INV100529,84-2771037,2020-05-31,2020-06-30
100530,INV100530,81-7951252,2020-05-31,2020-06-30
100531,INV100531,81-4878867,2020-04-30,2020-05-31
100532,INV100532,94-4535996,2020-03-31,2020-04-30
100533,INV100533,99-6983093,2020-06-30,2020-07-31
100534,INV100534,77-0639402,2020-03-31,2020-04-30
100535,INV100535,15-6559030,2020-01-31,2020-02-29
100536,INV100536,72-3360478,2020-01-31,2020-02-29
100537,INV100537,84-2085126,2020-01-31,2020-02-29
100538,INV100538,59-9344323,2020-05-31,2020-06-30
100539,INV100539,97-2402316,2020-04-30,2020-05-31
100540,INV100540,38-1728415,2020-06-30,2020-07-31
100541,INV100541,16-0696921,2020-05-31,2020-06-30
100542,INV100542,37-0290792,2020-06-30,2020-07-31
100543,INV100543,96-5038420,2020-08-30,2020-09-30
100544,INV100544,98-4697857,2020-08-31,2020-09-30
100545,INV100545,11-8390228,2020-06-30,2020-07-31
100546,INV100546,93-7718594,2020-01-31,2020-02-29
100547,INV100547,17-3010163,2020-06-30,2020-07-31
100548,INV100548,50-5816844,2020-02-29,2020-03-31
100549,INV100549,23-8258699,2020-07-31,2020-08-30
100550,INV100550,97-6640661,2020-07-31,2020-08-30
100551,INV100551,86-9002093,2020-02-29,2020-03-31
100552,INV100552,50-5296087,2020-01-31,2020-02-29
100553,INV100553,57-0109454,2020-07-31,2020-08-30
100554,INV100554,10-2574592,2020-01-31,2020-02-29
100555,INV100555,77-0522712,2020-07-31,2020-08-30
100556,INV100556,15-1871545,2020-08-31,2020-09-30
100557,INV100557,28-6771311,2020-06-30,2020-07-31
100558,INV100558,03-9672637,2020-05-31,2020-06-30
100559,INV100559,39-9911351,2020-09-30,2020-10-31
100560,INV100560,09-7011589,2020-07-31,2020-08-30
100561,INV100561,62-1600230,2020-04-30,2020-05-31
100562,INV100562,45-1739610,2020-04-30,2020-05-31
100563,INV100563,57-5091192,2020-07-31,2020-08-30
100564,INV100564,55-8656065,2020-07-31,2020-08-30
100565,INV100565,62-4976588,2020-02-29,2020-03-31
100566,INV100566,46-0120237,2020-08-31,2020-09-30
100567,INV100567,82-0242962,2020-05-31,2020-06-30
100568,INV100568,44-0942688,2020-03-31,2020-04-30
100569,INV100569,34-0857973,2020-03-31,2020-04-30
100570,INV100570,22-0711290,2020-03-31,2020-04-30
100571,INV100571,61-4610881,2020-02-29,2020-03-31
100572,INV100572,95-9427029,2020-01-31,2020-02-29
100573,INV100573,16-3352602,2020-01-31,2020-02-29
100574,INV100574,86-4858082,2020-02-29,2020-03-31
100575,INV100575,61-0926492,2020-01-31,2020-02-29
100576,INV100576,00-7782271,2020-08-31,2020-09-30
100577,INV100577,65-8609314,2020-02-29,2020-03-31
100578,INV100578,72-3086395,2020-05-31,2020-06-30
100579,INV100579,19-6372697,2020-04-30,2020-05-31
100580,INV100580,47-6851640,2020-03-31,2020-04-30
100581,INV100581,26-0696047,2020-01-31,2020-02-29
100582,INV100582,96-7503365,2020-06-30,2020-07-31
100583,INV100583,16-4018587,2020-09-30,2020-10-31
100584,INV100584,00-1280383,2020-02-29,2020-03-31
100585,INV100585,58-8327688,2020-03-31,2020-04-30
100586,INV100586,73-5512596,2020-06-30,2020-07-31
100587,INV100587,89-2881190,2020-09-30,2020-10-31
100588,INV100588,52-2036445,2020-07-31,2020-08-30
100589,INV100589,50-2059208,2020-03-31,2020-04-30
100590,INV100590,74-4316002,2020-05-31,2020-06-30
100591,INV100591,14-1224414,2020-08-31,2020-09-30
100592,INV100592,74-9652303,2020-08-31,2020-09-30
100593,INV100593,55-9129404,2020-07-31,2020-08-30
100594,INV100594,40-6467323,2020-07-31,2020-08-30
100595,INV100595,91-0204264,2020-07-31,2020-08-30
100596,INV100596,38-2443679,2020-03-31,2020-04-30
100597,INV100597,34-1553000,2020-04-30,2020-05-31
100598,INV100598,91-1752844,2020-05-31,2020-06-30
100599,INV100599,44-0318379,2020-05-31,2020-06-30
100600,INV100600,23-5360092,2020-02-29,2020-03-31
100601,INV100601,07-3782546,2020-06-30,2020-07-31
100602,INV100602,91-7491370,2020-04-30,2020-05-31
100603,INV100603,36-6951968,2020-04-30,2020-05-31
100604,INV100604,27-2850475,2020-07-31,2020-08-30
100605,INV100605,31-6099767,2020-07-31,2020-08-30
100606,INV100606,28-1992245,2020-09-30,2020-10-31
100607,INV100607,23-4061231,2020-08-31,2020-09-30
100608,INV100608,91-7247499,2020-08-31,2020-09-30
100609,INV100609,65-0110582,2020-04-30,2020-05-31
100610,INV100610,61-2527769,2020-02-29,2020-03-31
100611,INV100611,40-9591569,2020-06-30,2020-07-31
100612,INV100612,60-6574721,2020-04-30,2020-05-31
100613,INV100613,02-6082529,2020-01-31,2020-02-29
100614,INV100614,11-2667178,2020-08-31,2020-09-30
100615,INV100615,98-1953455,2020-05-31,2020-06-30
100616,INV100616,96-3675775,2020-07-31,2020-08-30
100617,INV100617,66-9254244,2020-02-29,2020-03-31
100618,INV100618,36-2633931,2020-05-31,2020-06-30
100619,INV100619,93-1227865,2020-08-31,2020-09-30
100620,INV100620,39-5785753,2020-01-31,2020-02-29
100621,INV100621,38-8185906,2020-09-30,2020-10-31
100622,INV100622,13-6446079,2020-02-29,2020-03-31
100623,INV100623,47-9092539,2020-03-31,2020-04-30
100624,INV100624,30-8581990,2020-04-30,2020-05-31
100625,INV100625,70-1149306,2020-07-31,2020-08-30
100626,INV100626,02-5370326,2020-09-30,2020-10-31
100627,INV100627,26-8280866,2020-02-29,2020-03-31
100628,INV100628,84-5161580,2020-01-31,2020-02-29
100629,INV100629,84-2771037,2020-08-31,2020-09-30
100630,INV100630,81-7951252,2020-05-31,2020-06-30
100631,INV100631,81-4878867,2020-03-31,2020-04-30
100632,INV100632,94-4535996,2020-06-30,2020-07-31
100633,INV100633,99-6983093,2020-03-31,2020-04-30
100634,INV100634,77-0639402,2020-03-30,2020-04-30
100635,INV100635,15-6559030,2020-05-31,2020-06-30
100636,INV100636,72-3360478,2020-08-31,2020-09-30
100637,INV100637,84-2085126,2020-07-31,2020-08-30
100638,INV100638,59-9344323,2020-03-31,2020-04-30
100639,INV100639,97-2402316,2020-03-31,2020-04-30
100640,INV100640,38-1728415,2020-03-31,2020-04-30
100641,INV100641,16-0696921,2020-01-31,2020-02-29
100642,INV100642,37-0290792,2020-01-31,2020-02-29
100643,INV100643,96-5038420,2020-02-29,2020-03-31
100644,INV100644,98-4697857,2020-07-31,2020-08-30
100645,INV100645,11-8390228,2020-03-31,2020-04-30
100646,INV100646,93-7718594,2020-01-31,2020-02-29
100647,INV100647,17-3010163,2020-03-31,2020-04-30
100648,INV100648,50-5816844,2020-02-29,2020-03-31
100649,INV100649,23-8258699,2020-07-31,2020-08-30
100650,INV100650,97-6640661,2020-03-31,2020-04-30
100651,INV100651,86-9002093,2020-03-31,2020-04-30
100652,INV100652,50-5296087,2020-03-31,2020-04-30
100653,INV100653,57-0109454,2020-07-31,2020-08-30
100654,INV100654,10-2574592,2020-06-30,2020-07-31
100655,INV100655,77-0522712,2020-07-31,2020-08-30
100656,INV100656,15-1871545,2020-05-31,2020-06-30
100657,INV100657,28-6771311,2020-01-31,2020-02-29
100658,INV100658,03-9672637,2020-06-30,2020-07-31
100659,INV100659,39-9911351,2020-06-30,2020-07-31
100660,INV100660,09-7011589,2020-02-29,2020-03-31
100661,INV100661,62-1600230,2020-05-31,2020-06-30
100662,INV100662,45-1739610,2020-03-31,2020-04-30
100663,INV100663,57-5091192,2020-01-31,2020-02-29
100664,INV100664,55-8656065,2020-04-30,2020-05-31
100665,INV100665,62-4976588,2020-03-30,2020-04-30
100666,INV100666,46-0120237,2020-07-31,2020-08-30
100667,INV100667,82-0242962,2020-05-31,2020-06-30
100668,INV100668,44-0942688,2020-01-31,2020-02-29
100669,INV100669,34-0857973,2020-04-30,2020-05-31
100670,INV100670,22-0711290,2020-04-30,2020-05-31
100671,INV100671,61-4610881,2020-07-31,2020-08-30
100672,INV100672,95-9427029,2020-08-31,2020-09-30
100673,INV100673,16-3352602,2020-08-31,2020-09-30
100674,INV100674,86-4858082,2020-07-31,2020-08-30
100675,INV100675,61-0926492,2020-03-31,2020-04-30
100676,INV100676,00-7782271,2020-05-31,2020-06-30
100677,INV100677,65-8609314,2020-07-31,2020-08-30
100678,INV100678,72-3086395,2020-03-31,2020-04-30
100679,INV100679,19-6372697,2020-04-30,2020-05-31
100680,INV100680,47-6851640,2020-06-30,2020-07-31
100681,INV100681,26-0696047,2020-08-31,2020-09-30
100682,INV100682,96-7503365,2020-06-30,2020-07-31
100683,INV100683,16-4018587,2020-08-31,2020-09-30
100684,INV100684,00-1280383,2020-01-31,2020-02-29
100685,INV100685,58-8327688,2020-01-31,2020-02-29
100686,INV100686,73-5512596,2020-05-31,2020-06-30
100687,INV100687,89-2881190,2020-09-30,2020-10-31
100688,INV100688,52-2036445,2020-03-31,2020-04-30
100689,INV100689,50-2059208,2020-08-31,2020-09-30
100690,INV100690,74-4316002,2020-03-31,2020-04-30
100691,INV100691,14-1224414,2020-07-31,2020-08-30
100692,INV100692,74-9652303,2020-09-30,2020-10-31
100693,INV100693,55-9129404,2020-02-29,2020-03-31
100694,INV100694,40-6467323,2020-05-31,2020-06-30
100695,INV100695,91-0204264,2020-05-31,2020-06-30
100696,INV100696,38-2443679,2020-01-31,2020-02-29
100697,INV100697,34-1553000,2020-03-31,2020-04-30
100698,INV100698,91-1752844,2020-06-30,2020-07-31
100699,INV100699,44-0318379,2020-05-31,2020-06-30
100700,INV100700,23-5360092,2020-07-31,2020-08-30
100701,INV100701,07-3782546,2020-03-31,2020-04-30
100702,INV100702,91-7491370,2020-08-31,2020-09-30
100703,INV100703,36-6951968,2020-04-30,2020-05-31
100704,INV100704,27-2850475,2020-04-30,2020-05-31
100705,INV100705,31-6099767,2020-05-31,2020-06-30
100706,INV100706,28-1992245,2020-04-30,2020-05-31
100707,INV100707,23-4061231,2020-03-31,2020-04-30
100708,INV100708,91-7247499,2020-06-30,2020-07-31
100709,INV100709,65-0110582,2020-05-31,2020-06-30
100710,INV100710,61-2527769,2020-08-31,2020-09-30
100711,INV100711,40-9591569,2020-04-30,2020-05-31
100712,INV100712,60-6574721,2020-04-30,2020-05-31
100713,INV100713,02-6082529,2020-04-30,2020-05-31
100714,INV100714,11-2667178,2020-06-30,2020-07-31
100715,INV100715,98-1953455,2020-03-31,2020-04-30
100716,INV100716,96-3675775,2020-06-30,2020-07-31
100717,INV100717,66-9254244,2020-09-30,2020-10-31
100718,INV100718,36-2633931,2020-03-31,2020-04-30
100719,INV100719,93-1227865,2020-04-30,2020-05-31
100720,INV100720,39-5785753,2020-02-29,2020-03-31
100721,INV100721,38-8185906,2020-06-30,2020-07-31
100722,INV100722,13-6446079,2020-02-29,2020-03-31
100723,INV100723,47-9092539,2020-08-31,2020-09-30
100724,INV100724,30-8581990,2020-04-30,2020-05-31
100725,INV100725,70-1149306,2020-06-30,2020-07-31
100726,INV100726,02-5370326,2020-07-31,2020-08-30
100727,INV100727,26-8280866,2020-05-31,2020-06-30
100728,INV100728,84-5161580,2020-05-31,2020-06-30
100729,INV100729,84-2771037,2020-03-31,2020-04-30
100730,INV100730,81-7951252,2020-08-31,2020-09-30
100731,INV100731,81-4878867,2020-01-31,2020-02-29
100732,INV100732,94-4535996,2020-04-30,2020-05-31
100733,INV100733,99-6983093,2020-05-31,2020-06-30
100734,INV100734,77-0639402,2020-07-31,2020-08-30
100735,INV100735,15-6559030,2020-04-30,2020-05-31
100736,INV100736,72-3360478,2020-02-29,2020-03-31
100737,INV100737,84-2085126,2020-01-31,2020-02-29
100738,INV100738,59-9344323,2020-08-31,2020-09-30
100739,INV100739,97-2402316,2020-05-31,2020-06-30
100740,INV100740,38-1728415,2020-04-30,2020-05-31
100741,INV100741,16-0696921,2020-02-29,2020-03-31
100742,INV100742,37-0290792,2020-02-29,2020-03-31
100743,INV100743,96-5038420,2020-04-30,2020-05-31
100744,INV100744,98-4697857,2020-06-30,2020-07-31
100745,INV100745,11-8390228,2020-04-30,2020-05-31
100746,INV100746,93-7718594,2020-05-31,2020-06-30
100747,INV100747,17-3010163,2020-02-29,2020-03-31
100748,INV100748,50-5816844,2020-04-30,2020-05-31
100749,INV100749,23-8258699,2020-04-30,2020-05-31
100750,INV100750,97-6640661,2020-01-31,2020-02-29
100751,INV100751,86-9002093,2020-03-31,2020-04-30
100752,INV100752,50-5296087,2020-07-31,2020-08-30
100753,INV100753,57-0109454,2020-06-30,2020-07-31
100754,INV100754,10-2574592,2020-01-31,2020-02-29
100755,INV100755,77-0522712,2020-05-31,2020-06-30
100756,INV100756,15-1871545,2020-08-31,2020-09-30
100757,INV100757,28-6771311,2020-06-30,2020-07-31
100758,INV100758,03-9672637,2020-01-31,2020-02-29
100759,INV100759,39-9911351,2020-04-30,2020-05-31
100760,INV100760,09-7011589,2020-01-31,2020-02-29
100761,INV100761,62-1600230,2020-01-31,2020-02-29
100762,INV100762,45-1739610,2020-07-31,2020-08-30
100763,INV100763,57-5091192,2020-02-29,2020-03-31
100764,INV100764,55-8656065,2020-04-30,2020-05-31
100765,INV100765,62-4976588,2020-01-31,2020-02-29
100766,INV100766,46-0120237,2020-05-31,2020-06-30
100767,INV100767,82-0242962,2020-02-29,2020-03-31
100768,INV100768,44-0942688,2020-01-30,2020-02-29
100769,INV100769,34-0857973,2020-04-30,2020-05-31
100770,INV100770,22-0711290,2020-07-31,2020-08-30
100771,INV100771,61-4610881,2020-02-29,2020-03-31
100772,INV100772,95-9427029,2020-04-30,2020-05-31
100773,INV100773,16-3352602,2020-01-31,2020-02-29
100774,INV100774,86-4858082,2020-01-31,2020-02-29
100775,INV100775,61-0926492,2020-08-31,2020-09-30
100776,INV100776,00-7782271,2020-04-30,2020-05-31
100777,INV100777,65-8609314,2020-04-30,2020-05-31
100778,INV100778,72-3086395,2020-04-30,2020-05-31
100779,INV100779,19-6372697,2020-02-29,2020-03-31
100780,INV100780,47-6851640,2020-04-30,2020-05-31
100781,INV100781,26-0696047,2020-08-31,2020-09-30
100782,INV100782,96-7503365,2020-03-31,2020-04-30
100783,INV100783,16-4018587,2020-04-30,2020-05-31
100784,INV100784,00-1280383,2020-01-31,2020-02-29
100785,INV100785,58-8327688,2020-03-31,2020-04-30
100786,INV100786,73-5512596,2020-03-31,2020-04-30
100787,INV100787,89-2881190,2020-04-30,2020-05-31
100788,INV100788,52-2036445,2020-06-30,2020-07-31
100789,INV100789,50-2059208,2020-07-31,2020-08-30
100790,INV100790,74-4316002,2020-05-31,2020-06-30
100791,INV100791,14-1224414,2020-01-31,2020-02-29
100792,INV100792,74-9652303,2020-04-30,2020-05-31
100793,INV100793,55-9129404,2020-06-30,2020-07-31
100794,INV100794,40-6467323,2020-06-30,2020-07-31
100795,INV100795,91-0204264,2020-03-31,2020-04-30
100796,INV100796,38-2443679,2020-05-31,2020-06-30
100797,INV100797,34-1553000,2020-03-31,2020-04-30
100798,INV100798,91-1752844,2020-01-31,2020-02-29
100799,INV100799,44-0318379,2020-06-30,2020-07-31
100800,INV100800,23-5360092,2020-08-31,2020-09-30
100801,INV100801,07-3782546,2020-03-31,2020-04-30
100802,INV100802,91-7491370,2020-01-31,2020-02-29
100803,INV100803,36-6951968,2020-05-31,2020-06-30
100804,INV100804,27-2850475,2020-03-31,2020-04-30
100805,INV100805,31-6099767,2020-05-31,2020-06-30
100806,INV100806,28-1992245,2020-09-30,2020-10-31
100807,INV100807,23-4061231,2020-05-31,2020-06-30
100808,INV100808,91-7247499,2020-07-31,2020-08-30
100809,INV100809,65-0110582,2020-05-31,2020-06-30
100810,INV100810,61-2527769,2020-08-31,2020-09-30
100811,INV100811,40-9591569,2020-07-31,2020-08-30
100812,INV100812,60-6574721,2020-06-30,2020-07-31
100813,INV100813,02-6082529,2020-01-31,2020-02-29
100814,INV100814,11-2667178,2020-04-30,2020-05-31
100815,INV100815,98-1953455,2020-05-31,2020-06-30
100816,INV100816,96-3675775,2020-05-31,2020-06-30
100817,INV100817,66-9254244,2020-08-31,2020-09-30
100818,INV100818,36-2633931,2020-07-31,2020-08-30
100819,INV100819,93-1227865,2020-05-31,2020-06-30
100820,INV100820,39-5785753,2020-08-31,2020-09-30
100821,INV100821,38-8185906,2020-09-30,2020-10-31
100822,INV100822,13-6446079,2020-03-31,2020-04-30
100823,INV100823,47-9092539,2020-06-30,2020-07-31
100824,INV100824,30-8581990,2020-06-30,2020-07-31
100825,INV100825,70-1149306,2020-04-30,2020-05-31
100826,INV100826,02-5370326,2020-06-30,2020-07-31
100827,INV100827,26-8280866,2020-08-31,2020-09-30
100828,INV100828,84-5161580,2020-04-30,2020-05-31
100829,INV100829,84-2771037,2020-05-31,2020-06-30
100830,INV100830,81-7951252,2020-05-31,2020-06-30
100831,INV100831,81-4878867,2020-05-31,2020-06-30
100832,INV100832,94-4535996,2020-07-31,2020-08-30
100833,INV100833,99-6983093,2020-04-30,2020-05-31
100834,INV100834,77-0639402,2020-01-31,2020-02-29
100835,INV100835,15-6559030,2020-03-31,2020-04-30
100836,INV100836,72-3360478,2020-01-31,2020-02-29
100837,INV100837,84-2085126,2020-04-30,2020-05-31
100838,INV100838,59-9344323,2020-04-30,2020-05-31
100839,INV100839,97-2402316,2020-01-31,2020-02-29
100840,INV100840,38-1728415,2020-07-31,2020-08-30
100841,INV100841,16-0696921,2020-02-29,2020-03-31
100842,INV100842,37-0290792,2020-03-31,2020-04-30
100843,INV100843,96-5038420,2020-05-31,2020-06-30
100844,INV100844,98-4697857,2020-05-31,2020-06-30
100845,INV100845,11-8390228,2020-01-31,2020-02-29
100846,INV100846,93-7718594,2020-07-31,2020-08-30
100847,INV100847,17-3010163,2020-01-31,2020-02-29
100848,INV100848,50-5816844,2020-08-31,2020-09-30
100849,INV100849,23-8258699,2020-05-31,2020-06-30
100850,INV100850,97-6640661,2020-06-30,2020-07-31
100851,INV100851,86-9002093,2020-02-29,2020-03-31
100852,INV100852,50-5296087,2020-08-31,2020-09-30
100853,INV100853,57-0109454,2020-07-31,2020-08-30
100854,INV100854,10-2574592,2020-07-31,2020-08-30
100855,INV100855,77-0522712,2020-01-31,2020-02-29
100856,INV100856,15-1871545,2020-01-29,2020-02-29
100857,INV100857,28-6771311,2020-01-31,2020-02-29
100858,INV100858,03-9672637,2020-07-31,2020-08-30
100859,INV100859,39-9911351,2020-09-30,2020-10-31
100860,INV100860,09-7011589,2020-07-31,2020-08-30
100861,INV100861,62-1600230,2020-03-31,2020-04-30
100862,INV100862,45-1739610,2020-08-31,2020-09-30
100863,INV100863,57-5091192,2020-04-30,2020-05-31
100864,INV100864,55-8656065,2020-01-31,2020-02-29
100865,INV100865,62-4976588,2020-06-30,2020-07-31
100866,INV100866,46-0120237,2020-04-30,2020-05-31
100867,INV100867,82-0242962,2020-01-31,2020-02-29
100868,INV100868,44-0942688,2020-08-31,2020-09-30
100869,INV100869,34-0857973,2020-05-31,2020-06-30
100870,INV100870,22-0711290,2020-04-30,2020-05-31
100871,INV100871,61-4610881,2020-09-30,2020-10-31
100872,INV100872,95-9427029,2020-08-31,2020-09-30
100873,INV100873,16-3352602,2020-07-31,2020-08-30
100874,INV100874,86-4858082,2020-05-31,2020-06-30
100875,INV100875,61-0926492,2020-08-31,2020-09-30
100876,INV100876,00-7782271,2020-04-30,2020-05-31
100877,INV100877,65-8609314,2020-07-31,2020-08-30
100878,INV100878,72-3086395,2020-06-30,2020-07-31
100879,INV100879,19-6372697,2020-09-30,2020-10-31
100880,INV100880,47-6851640,2020-08-31,2020-09-30
100881,INV100881,26-0696047,2020-07-31,2020-08-30
100882,INV100882,96-7503365,2020-07-31,2020-08-30
100883,INV100883,16-4018587,2020-08-31,2020-09-30
100884,INV100884,00-1280383,2020-04-30,2020-05-31
100885,INV100885,58-8327688,2020-06-30,2020-07-31
100886,INV100886,73-5512596,2020-08-31,2020-09-30
100887,INV100887,89-2881190,2020-03-31,2020-04-30
100888,INV100888,52-2036445,2020-02-29,2020-03-31
100889,INV100889,50-2059208,2020-03-31,2020-04-30
100890,INV100890,74-4316002,2020-05-31,2020-06-30
100891,INV100891,14-1224414,2020-07-31,2020-08-30
100892,INV100892,74-9652303,2020-06-30,2020-07-31
100893,INV100893,55-9129404,2020-06-30,2020-07-31
100894,INV100894,40-6467323,2020-04-30,2020-05-31
100895,INV100895,91-0204264,2020-05-31,2020-06-30
100896,INV100896,38-2443679,2020-08-31,2020-09-30
100897,INV100897,34-1553000,2020-07-31,2020-08-30
100898,INV100898,91-1752844,2020-04-30,2020-05-31
100899,INV100899,44-0318379,2020-08-31,2020-09-30
100900,INV100900,23-5360092,2020-04-30,2020-05-31
100901,INV100901,07-3782546,2020-06-30,2020-07-31
100902,INV100902,91-7491370,2020-01-31,2020-02-29
100903,INV100903,36-6951968,2020-04-30,2020-05-31
100904,INV100904,27-2850475,2020-09-30,2020-10-31
100905,INV100905,31-6099767,2020-04-30,2020-05-31
100906,INV100906,28-1992245,2020-02-29,2020-03-31
100907,INV100907,23-4061231,2020-05-31,2020-06-30
100908,INV100908,91-7247499,2020-01-31,2020-02-29
100909,INV100909,65-0110582,2020-05-31,2020-06-30
100910,INV100910,61-2527769,2020-03-31,2020-04-30
100911,INV100911,40-9591569,2020-03-31,2020-04-30
100912,INV100912,60-6574721,2020-04-30,2020-05-31
100913,INV100913,02-6082529,2020-04-30,2020-05-31
100914,INV100914,11-2667178,2020-02-29,2020-03-31
100915,INV100915,98-1953455,2020-04-30,2020-05-31
100916,INV100916,96-3675775,2020-01-31,2020-02-29
100917,INV100917,66-9254244,2020-09-30,2020-10-31
100918,INV100918,36-2633931,2020-05-31,2020-06-30
100919,INV100919,93-1227865,2020-06-30,2020-07-31
100920,INV100920,39-5785753,2020-06-30,2020-07-31
100921,INV100921,38-8185906,2020-06-30,2020-07-31
100922,INV100922,13-6446079,2020-01-31,2020-02-29
100923,INV100923,47-9092539,2020-02-29,2020-03-31
100924,INV100924,30-8581990,2020-03-31,2020-04-30
100925,INV100925,70-1149306,2020-07-31,2020-08-30
100926,INV100926,02-5370326,2020-02-29,2020-03-31
100927,INV100927,26-8280866,2020-06-30,2020-07-31
100928,INV100928,84-5161580,2020-01-31,2020-02-29
100929,INV100929,84-2771037,2020-05-31,2020-06-30
100930,INV100930,81-7951252,2020-01-31,2020-02-29
100931,INV100931,81-4878867,2020-04-30,2020-05-31
100932,INV100932,94-4535996,2020-06-30,2020-07-31
100933,INV100933,99-6983093,2020-07-31,2020-08-30
100934,INV100934,77-0639402,2020-06-30,2020-07-31
100935,INV100935,15-6559030,2020-01-31,2020-02-29
100936,INV100936,72-3360478,2020-06-30,2020-07-31
100937,INV100937,84-2085126,2020-07-31,2020-08-30
100938,INV100938,59-9344323,2020-03-31,2020-04-30
100939,INV100939,97-2402316,2020-02-29,2020-03-31
100940,INV100940,38-1728415,2020-04-30,2020-05-31
100941,INV100941,16-0696921,2020-05-31,2020-06-30
100942,INV100942,37-0290792,2020-07-31,2020-08-30
100943,INV100943,96-5038420,2020-04-30,2020-05-31
100944,INV100944,98-4697857,2020-02-29,2020-03-31
100945,INV100945,11-8390228,2020-03-31,2020-04-30
100946,INV100946,93-7718594,2020-05-31,2020-06-30
100947,INV100947,17-3010163,2020-08-31,2020-09-30
100948,INV100948,50-5816844,2020-03-31,2020-04-30
100949,INV100949,23-8258699,2020-03-31,2020-04-30
100950,INV100950,97-6640661,2020-08-31,2020-09-30
100951,INV100951,86-9002093,2020-01-31,2020-02-29
100952,INV100952,50-5296087,2020-02-29,2020-03-31
100953,INV100953,57-0109454,2020-01-31,2020-02-29
100954,INV100954,10-2574592,2020-01-31,2020-02-29
100955,INV100955,77-0522712,2020-01-31,2020-02-29
100956,INV100956,15-1871545,2020-05-31,2020-06-30
100957,INV100957,28-6771311,2020-06-30,2020-07-31
100958,INV100958,03-9672637,2020-05-31,2020-06-30
100959,INV100959,39-9911351,2020-03-31,2020-04-30
100960,INV100960,09-7011589,2020-09-30,2020-10-31
100961,INV100961,62-1600230,2020-06-30,2020-07-31
100962,INV100962,45-1739610,2020-05-31,2020-06-30
100963,INV100963,57-5091192,2020-05-31,2020-06-30
100964,INV100964,55-8656065,2020-05-31,2020-06-30
100965,INV100965,62-4976588,2020-05-31,2020-06-30
100966,INV100966,46-0120237,2020-09-30,2020-10-31
100967,INV100967,82-0242962,2020-03-31,2020-04-30
100968,INV100968,44-0942688,2020-01-31,2020-02-29
100969,INV100969,34-0857973,2020-02-29,2020-03-31
100970,INV100970,22-0711290,2020-03-31,2020-04-30
100971,INV100971,61-4610881,2020-04-30,2020-05-31
100972,INV100972,95-9427029,2020-07-31,2020-08-30
100973,INV100973,16-3352602,2020-08-31,2020-09-30
100974,INV100974,86-4858082,2020-01-31,2020-02-29
100975,INV100975,61-0926492,2020-01-31,2020-02-29
100976,INV100976,00-7782271,2020-03-31,2020-04-30
100977,INV100977,65-8609314,2020-03-31,2020-04-30
100978,INV100978,72-3086395,2020-08-31,2020-09-30
100979,INV100979,19-6372697,2020-01-31,2020-02-29
100980,INV100980,47-6851640,2020-03-31,2020-04-30
100981,INV100981,26-0696047,2020-02-29,2020-03-31
100982,INV100982,96-7503365,2020-07-31,2020-08-30
100983,INV100983,16-4018587,2020-09-30,2020-10-31
100984,INV100984,00-1280383,2020-08-31,2020-09-30
100985,INV100985,58-8327688,2020-04-30,2020-05-31
100986,INV100986,73-5512596,2020-05-31,2020-06-30
100987,INV100987,89-2881190,2020-01-31,2020-02-29
100988,INV100988,52-2036445,2020-07-31,2020-08-30
100989,INV100989,50-2059208,2020-02-29,2020-03-31
100990,INV100990,74-4316002,2020-05-31,2020-06-30
100991,INV100991,14-1224414,2020-06-30,2020-07-31
100992,INV100992,74-9652303,2020-05-31,2020-06-30
100993,INV100993,55-9129404,2020-04-30,2020-05-31
100994,INV100994,40-6467323,2020-04-30,2020-05-31
100995,INV100995,91-0204264,2020-01-31,2020-02-29
100996,INV100996,38-2443679,2020-07-31,2020-08-30
100997,INV100997,34-1553000,2020-05-31,2020-06-30
100998,INV100998,91-1752844,2020-02-29,2020-03-31
100999,INV100999,44-0318379,2020-04-30,2020-05-31
101000,INV101000,23-5360092,2020-07-31,2020-08-30
